[{"normalized": "Arizona_Believers_Church", "display": "Arizona Believers Church"}, {"normalized": "Believer's_Spoken_Word_Tabernacle", "display": "Believer's Spoken Word Tabernacle"}, {"normalized": "Believers_Christian_Fellowship", "display": "Believers Christian Fellowship"}, {"normalized": "Bethel_Tabernacle", "display": "Bethel Tabernacle"}, {"normalized": "Bride_Tabernacle_of_Columbia_SC", "display": "Bride Tabernacle of Columbia SC"}, {"normalized": "Bride_of_Christ_Fellowship", "display": "Bride of Christ Fellowship"}, {"normalized": "Calgary_Living_Word_Assembly", "display": "Calgary Living Word Assembly"}, {"normalized": "Cedar_Hills_-_Church_of_the_Cross", "display": "Cedar Hills - Church of the Cross"}, {"normalized": "Christian_Life_Tabernacle", "display": "Christian Life Tabernacle"}, {"normalized": "Coleman_Family_Ministries", "display": "Coleman Family Ministries"}, {"normalized": "Days_of_the_Voice_Fellowship", "display": "Days of the Voice Fellowship"}, {"normalized": "EL_Tabernacle_Ministries", "display": "EL Tabernacle Ministries"}, {"normalized": "End_Time_Message_Tabernacle", "display": "End Time Message Tabernacle"}, {"normalized": "Evening_Light_Fellowship", "display": "Evening Light Fellowship"}, {"normalized": "Evening_Light_Tabernacle", "display": "Evening Light Tabernacle"}, {"normalized": "Evening_Light_Tabernacle_Elkton_KY", "display": "Evening Light Tabernacle Elkton KY"}, {"normalized": "Faith_Tabernacle", "display": "Faith Tabernacle"}, {"normalized": "Flagstaff_Mission_Tabernacle", "display": "Flagstaff Mission Tabernacle"}, {"normalized": "Full_Gospel_Lighthouse_Tabernacle", "display": "Full Gospel Lighthouse Tabernacle"}, {"normalized": "Good_Shepherd_Fellowship", "display": "Good Shepherd Fellowship"}, {"normalized": "Grace_Tabernacle", "display": "Grace Tabernacle"}, {"normalized": "Harvest_Time_Bride_Tabernacle", "display": "Harvest Time Bride Tabernacle"}, {"normalized": "Headstone_Tabernacle", "display": "Headstone Tabernacle"}, {"normalized": "Higher_Ground_Tabernacle", "display": "Higher Ground Tabernacle"}, {"normalized": "Inner_Veil_Ministries", "display": "Inner Veil Ministries"}, {"normalized": "Jericho_Tabernacle", "display": "Jericho Tabernacle"}, {"normalized": "Literal_Life_Church", "display": "Literal Life Church"}, {"normalized": "New_Life_Outreach_Church_Of_Pawnee", "display": "New Life Outreach Church Of Pawnee"}, {"normalized": "Send_The_Light_Church", "display": "Send The Light Church"}, {"normalized": "Shalom_Tabernacle_Tucson", "display": "Shalom Tabernacle Tucson"}, {"normalized": "Shekinah_Tabernacle", "display": "Shekinah Tabernacle"}, {"normalized": "Son_Of_Man_Revealed_Ministries", "display": "Son Of Man Revealed Ministries"}, {"normalized": "Spirit_Of_Truth_Assembly", "display": "Spirit Of Truth Assembly"}, {"normalized": "Spoken_Word_Church", "display": "Spoken Word Church"}, {"normalized": "Spoken_Word_Tabernacle", "display": "Spoken Word Tabernacle"}, {"normalized": "Tabernaculo_Obra_Maestra", "display": "Tabernaculo Obra Maestra"}, {"normalized": "True_Word_Tabernacle", "display": "True Word Tabernacle"}, {"normalized": "Tucson_Tabernacle", "display": "Tucson Tabernacle"}, {"normalized": "Word_Of_Life_Church", "display": "Word Of Life Church"}, {"normalized": "Word_of_Life_Tabernacle", "display": "Word of Life Tabernacle"}]